{
  "hemingway-current": {
    "label": "Hemingway current",
    "session": "20260629T050701-9322cad56c61",
    "duration": 633.0103,
    "error": null,
    "guidance_verified": true,
    "message_count": 70,
    "tool_calls": 34,
    "token_events": 26,
    "input_tokens": 922635,
    "cached_input_tokens": 377856,
    "output_tokens": 15272,
    "reasoning_output_tokens": 5587,
    "total_tokens": 937907,
    "review_bytes": 22173,
    "words": 2419,
    "sentences": 131,
    "avg_sent": 18.442748091603054,
    "median_sent": 14,
    "short_le_8_pct": 23.66412213740458,
    "long_ge_25_pct": 23.66412213740458,
    "avg_word_len": 4.998759818106656,
    "ly_per_1000": 4.9607275733774285,
    "hedge_per_1000": 3.3071517155849524,
    "filler_per_10k": 4.13393964448119,
    "abstract_suffix_per_1000": 42.16618437370814,
    "and_per_1000": 28.937577511368335,
    "because_per_1000": 2.4803637866887143,
    "subord_per_1000": 17.775940471269116,
    "coord_per_1000": 43.4063662670525,
    "bullet_lines": 45,
    "heading_lines": 41
  },
  "hemingway-suggested-v2": {
    "label": "Hemingway suggested v2",
    "session": "20260629T051734-b7f5275d1131",
    "duration": 359.117907,
    "error": null,
    "guidance_verified": true,
    "message_count": 46,
    "tool_calls": 22,
    "token_events": 12,
    "input_tokens": 364285,
    "cached_input_tokens": 130560,
    "output_tokens": 9062,
    "reasoning_output_tokens": 1218,
    "total_tokens": 373347,
    "review_bytes": 19817,
    "words": 2282,
    "sentences": 130,
    "avg_sent": 17.53076923076923,
    "median_sent": 14.5,
    "short_le_8_pct": 23.846153846153847,
    "long_ge_25_pct": 20.76923076923077,
    "avg_word_len": 4.973269062226118,
    "ly_per_1000": 3.9439088518843115,
    "hedge_per_1000": 4.382120946538125,
    "filler_per_10k": 8.76424189307625,
    "abstract_suffix_per_1000": 41.63014899211218,
    "and_per_1000": 29.360210341805434,
    "because_per_1000": 2.629272567922875,
    "subord_per_1000": 19.281332164767747,
    "coord_per_1000": 43.821209465381244,
    "bullet_lines": 45,
    "heading_lines": 41
  },
  "caveman": {
    "label": "Caveman",
    "session": "20260629T052333-d269895a2b9c",
    "duration": 701.419574,
    "error": null,
    "guidance_verified": true,
    "message_count": 82,
    "tool_calls": 40,
    "token_events": 31,
    "input_tokens": 1072280,
    "cached_input_tokens": 530944,
    "output_tokens": 15125,
    "reasoning_output_tokens": 8324,
    "total_tokens": 1087405,
    "review_bytes": 14478,
    "words": 1624,
    "sentences": 78,
    "avg_sent": 20.512820512820515,
    "median_sent": 12.5,
    "short_le_8_pct": 28.205128205128204,
    "long_ge_25_pct": 21.794871794871796,
    "avg_word_len": 5.172413793103448,
    "ly_per_1000": 4.926108374384237,
    "hedge_per_1000": 3.078817733990148,
    "filler_per_10k": 6.157635467980295,
    "abstract_suffix_per_1000": 52.95566502463054,
    "and_per_1000": 25.862068965517242,
    "because_per_1000": 0.0,
    "subord_per_1000": 16.00985221674877,
    "coord_per_1000": 35.09852216748769,
    "bullet_lines": 52,
    "heading_lines": 27
  }
}
