{
  "front_matter": {
    "name": "front_matter",
    "chars": 4710,
    "words": 802,
    "sentences": 8,
    "avg_sent": 100.25,
    "median_sent": 73.0,
    "short_8_pct": 12.5,
    "long_25_pct": 87.5,
    "long_40_pct": 62.5,
    "avg_word_len": 4.372817955112219,
    "and_per_1000": 19.950124688279303,
    "but_per_1000": 0.0,
    "because_per_1000": 0.0,
    "subord_per_1000": 12.468827930174564,
    "coord_per_1000": 23.69077306733167,
    "hedge_per_1000": 1.2468827930174564,
    "modal_per_1000": 1.2468827930174564,
    "weak_per_1000": 16.209476309226932,
    "copula_per_1000": 11.221945137157107,
    "ly_per_1000": 2.493765586034913,
    "abstract_suffix_per_1000": 4.987531172069826,
    "concrete_lex_per_1000": 21.197007481296758,
    "action_lex_per_1000": 7.481296758104738,
    "quote_sent_pct": 62.5,
    "said_per_1000": 0.0,
    "question_pct": 25.0,
    "exclaim_pct": 0.0,
    "filler_per_10k": 0.0
  },
  "novels": {
    "name": "novels",
    "chars": 3424712,
    "words": 662049,
    "sentences": 44905,
    "avg_sent": 14.74332479679323,
    "median_sent": 11,
    "short_8_pct": 35.42144527335486,
    "long_25_pct": 14.405968154993875,
    "long_40_pct": 4.119808484578555,
    "avg_word_len": 3.8828561027960165,
    "and_per_1000": 35.07293266812577,
    "but_per_1000": 5.961794368694764,
    "because_per_1000": 0.8836203966775873,
    "subord_per_1000": 25.662753059063604,
    "coord_per_1000": 46.359106350134205,
    "hedge_per_1000": 10.600423835697962,
    "modal_per_1000": 11.946245670637671,
    "weak_per_1000": 63.75963108470824,
    "copula_per_1000": 36.55167517812126,
    "ly_per_1000": 8.293948031036978,
    "abstract_suffix_per_1000": 5.4240698196054975,
    "concrete_lex_per_1000": 17.832516928505292,
    "action_lex_per_1000": 39.916984996578805,
    "quote_sent_pct": 49.94544037412315,
    "said_per_1000": 17.290260992766395,
    "question_pct": 3.2802583231266,
    "exclaim_pct": 0.2783654381471996,
    "filler_per_10k": 10.754490981785336
  },
  "short_fiction": {
    "name": "short_fiction",
    "chars": 1265811,
    "words": 246342,
    "sentences": 16666,
    "avg_sent": 14.781111244449779,
    "median_sent": 11.0,
    "short_8_pct": 36.0074402976119,
    "long_25_pct": 14.226569062762511,
    "long_40_pct": 4.608184327373095,
    "avg_word_len": 3.86070584796746,
    "and_per_1000": 34.43992498234162,
    "but_per_1000": 4.570881132734166,
    "because_per_1000": 1.0148492745857385,
    "subord_per_1000": 24.177769117730637,
    "coord_per_1000": 43.25693547994252,
    "hedge_per_1000": 8.321764051603056,
    "modal_per_1000": 9.697899667941318,
    "weak_per_1000": 58.232051375729675,
    "copula_per_1000": 31.951514561057387,
    "ly_per_1000": 6.969984817854852,
    "abstract_suffix_per_1000": 4.071575289637983,
    "concrete_lex_per_1000": 17.508179685153163,
    "action_lex_per_1000": 44.048517914119394,
    "quote_sent_pct": 48.87795511820473,
    "said_per_1000": 17.317388021531045,
    "question_pct": 2.094083763350534,
    "exclaim_pct": 0.34201368054722187,
    "filler_per_10k": 5.601967995713276
  },
  "play": {
    "name": "play",
    "chars": 135873,
    "words": 23977,
    "sentences": 2576,
    "avg_sent": 9.307841614906833,
    "median_sent": 7.0,
    "short_8_pct": 62.965838509316775,
    "long_25_pct": 4.968944099378882,
    "long_40_pct": 0.9316770186335404,
    "avg_word_len": 3.865412687158527,
    "and_per_1000": 29.861951036409895,
    "but_per_1000": 5.630395795971139,
    "because_per_1000": 0.875839346039955,
    "subord_per_1000": 22.813529632564542,
    "coord_per_1000": 40.955916086249324,
    "hedge_per_1000": 7.382074488051049,
    "modal_per_1000": 8.800100095925263,
    "weak_per_1000": 57.55515702548276,
    "copula_per_1000": 31.48850982191267,
    "ly_per_1000": 11.761271218250824,
    "abstract_suffix_per_1000": 6.172582057805397,
    "concrete_lex_per_1000": 16.807774116861992,
    "action_lex_per_1000": 8.049380656462443,
    "quote_sent_pct": 30.59006211180124,
    "said_per_1000": 1.2929057012970764,
    "question_pct": 15.644409937888199,
    "exclaim_pct": 2.2127329192546585,
    "filler_per_10k": 27.52637944697001
  },
  "poetry": {
    "name": "poetry",
    "chars": 31258,
    "words": 5844,
    "sentences": 479,
    "avg_sent": 12.200417536534447,
    "median_sent": 8,
    "short_8_pct": 54.48851774530271,
    "long_25_pct": 10.020876826722338,
    "long_40_pct": 3.549060542797495,
    "avg_word_len": 4.101129363449692,
    "and_per_1000": 30.80082135523614,
    "but_per_1000": 7.529089664613279,
    "because_per_1000": 0.8555783709787816,
    "subord_per_1000": 28.06297056810404,
    "coord_per_1000": 45.17453798767968,
    "hedge_per_1000": 5.989048596851472,
    "modal_per_1000": 8.213552361396305,
    "weak_per_1000": 59.20602327173169,
    "copula_per_1000": 35.76317590691308,
    "ly_per_1000": 9.924709103353868,
    "abstract_suffix_per_1000": 10.266940451745379,
    "concrete_lex_per_1000": 14.202600958247775,
    "action_lex_per_1000": 9.240246406570842,
    "quote_sent_pct": 15.866388308977037,
    "said_per_1000": 0.513347022587269,
    "question_pct": 4.592901878914405,
    "exclaim_pct": 0.41753653444676403,
    "filler_per_10k": 23.956194387405883
  },
  "nonfiction_articles": {
    "name": "nonfiction_articles",
    "chars": 1884857,
    "words": 351610,
    "sentences": 16499,
    "avg_sent": 21.31098854476029,
    "median_sent": 16,
    "short_8_pct": 22.558942966240377,
    "long_25_pct": 30.068488999333294,
    "long_40_pct": 12.164373598399902,
    "avg_word_len": 4.18965330906402,
    "and_per_1000": 36.08543556781661,
    "but_per_1000": 5.241602912317624,
    "because_per_1000": 0.890190836438099,
    "subord_per_1000": 30.88933761838401,
    "coord_per_1000": 49.062882170586725,
    "hedge_per_1000": 10.32678251471801,
    "modal_per_1000": 9.84329228406473,
    "weak_per_1000": 61.63362816757203,
    "copula_per_1000": 38.80720116037655,
    "ly_per_1000": 11.251102073319872,
    "abstract_suffix_per_1000": 12.135604789397345,
    "concrete_lex_per_1000": 11.410369443417423,
    "action_lex_per_1000": 19.507408776769715,
    "quote_sent_pct": 26.86223407479241,
    "said_per_1000": 6.009499161002247,
    "question_pct": 1.8546578580520032,
    "exclaim_pct": 0.3333535365779744,
    "filler_per_10k": 16.1542618241802
  },
  "all_prose_excluding_play_poetry_front": {
    "name": "all_prose_excluding_play_poetry_front",
    "chars": 6575384,
    "words": 1260001,
    "sentences": 78069,
    "avg_sent": 16.139581652128246,
    "median_sent": 12,
    "short_8_pct": 32.827370659288576,
    "long_25_pct": 17.677951555675108,
    "long_40_pct": 5.9242464998911215,
    "avg_word_len": 3.9641389173500654,
    "and_per_1000": 35.23171807006503,
    "but_per_1000": 5.488884532631323,
    "because_per_1000": 0.9111103880076286,
    "subord_per_1000": 26.830931086562632,
    "coord_per_1000": 46.50710594674131,
    "hedge_per_1000": 10.078563429711563,
    "modal_per_1000": 10.919832603307457,
    "weak_per_1000": 62.085665011376975,
    "copula_per_1000": 36.281717236732355,
    "ly_per_1000": 8.860310428325057,
    "abstract_suffix_per_1000": 7.032534101163412,
    "concrete_lex_per_1000": 15.976971446848058,
    "action_lex_per_1000": 35.02933727830375,
    "quote_sent_pct": 44.838540265662424,
    "said_per_1000": 14.147607819358873,
    "question_pct": 2.7257938490309854,
    "exclaim_pct": 0.30357760442685316,
    "filler_per_10k": 11.253959322254506
  },
  "fiction_only": {
    "name": "fiction_only",
    "chars": 4690525,
    "words": 908391,
    "sentences": 61570,
    "avg_sent": 14.753792431378919,
    "median_sent": 11.0,
    "short_8_pct": 35.57901575442586,
    "long_25_pct": 14.35764170862433,
    "long_40_pct": 4.252070813707975,
    "avg_word_len": 3.8768492862654957,
    "and_per_1000": 34.901270488148825,
    "but_per_1000": 5.584599583219121,
    "because_per_1000": 0.9192076980066953,
    "subord_per_1000": 25.260047710732493,